Datetime,Ticker,Adj Close,Close,High,Low,Open,Volume
2025-06-18 09:30:00,VRS.V,,0.009999999776482582,0.009999999776482582,0.009999999776482582,0.009999999776482582,0.0
2025-06-18 09:30:00,WET-H.V,,0.07000000029802322,0.07000000029802322,0.07000000029802322,0.07000000029802322,0.0
2025-06-18 09:30:00,ZMD.V,,0.014999999664723873,0.014999999664723873,0.014999999664723873,0.014999999664723873,0.0
2025-06-19 09:30:00,AUMB.V,,0.2199999988079071,0.2199999988079071,0.2199999988079071,0.2199999988079071,0.0
2025-06-19 09:30:00,CANS.V,,0.009999999776482582,0.009999999776482582,0.009999999776482582,0.009999999776482582,0.0
2025-06-19 09:30:00,FIVD-P.V,,0.10000000149011612,0.10000000149011612,0.10000000149011612,0.10000000149011612,0.0
2025-06-19 09:30:00,MIT.V,,0.029999999329447746,0.029999999329447746,0.029999999329447746,0.029999999329447746,0.0
2025-06-19 09:30:00,NILI.V,,0.2800000011920929,0.2800000011920929,0.2800000011920929,0.2800000011920929,0.0
2025-06-19 09:30:00,SURG.V,,0.14499999582767487,0.14499999582767487,0.14499999582767487,0.14499999582767487,0.0
2025-06-19 09:30:00,TBIX.V,,0.03500000014901161,0.03500000014901161,0.03500000014901161,0.03500000014901161,0.0
2025-06-19 09:30:00,TBLZ-P.V,,0.10499999672174454,0.10499999672174454,0.10499999672174454,0.10499999672174454,0.0
2025-06-19 09:30:00,TCK-P.V,,0.014999999664723873,0.014999999664723873,0.014999999664723873,0.014999999664723873,0.0
2025-06-19 09:30:00,TDG.V,,0.6399999856948853,0.6399999856948853,0.6399999856948853,0.6399999856948853,0.0
2025-06-19 09:30:00,TFM.V,,0.05999999865889549,0.05999999865889549,0.05999999865889549,0.05999999865889549,0.0
2025-06-19 09:30:00,TGH.V,,1.6399999856948853,1.6399999856948853,1.6399999856948853,1.6399999856948853,0.0
2025-06-19 09:30:00,TGK-H.V,,0.009999999776482582,0.009999999776482582,0.009999999776482582,0.009999999776482582,0.0
2025-06-19 09:30:00,TGS.V,,0.054999999701976776,0.054999999701976776,0.054999999701976776,0.054999999701976776,0.0
2025-06-19 09:30:00,THRM.V,,0.014999999664723873,0.014999999664723873,0.014999999664723873,0.014999999664723873,0.0
2025-06-19 09:30:00,THX.V,,0.7799999713897705,0.7799999713897705,0.7799999713897705,0.7799999713897705,0.0
2025-06-19 09:30:00,TIG.V,,0.23999999463558197,0.23999999463558197,0.23999999463558197,0.23999999463558197,0.0
2025-06-19 09:30:00,TIN.V,,0.15000000596046448,0.15000000596046448,0.15000000596046448,0.15000000596046448,0.0
2025-06-19 09:30:00,TINY.V,,0.8999999761581421,0.8999999761581421,0.8999999761581421,0.8999999761581421,0.0
2025-06-19 09:30:00,TK.V,,0.04500000178813934,0.04500000178813934,0.04500000178813934,0.04500000178813934,0.0
2025-06-19 09:30:00,TLT.V,,0.18000000715255737,0.18000000715255737,0.18000000715255737,0.18000000715255737,0.0
2025-06-19 09:30:00,TM.V,,0.2750000059604645,0.2750000059604645,0.2750000059604645,0.2750000059604645,0.0
2025-06-19 09:30:00,TMG.V,,0.14499999582767487,0.14499999582767487,0.14499999582767487,0.14499999582767487,0.0
2025-06-19 09:30:00,TNR.V,,0.10000000149011612,0.10000000149011612,0.10000000149011612,0.10000000149011612,0.0
2025-06-19 09:30:00,TOI.V,,164.07000732421875,164.07000732421875,164.07000732421875,164.07000732421875,0.0
2025-06-19 09:30:00,TOP-P.V,,0.03500000014901161,0.03500000014901161,0.03500000014901161,0.03500000014901161,0.0
2025-06-19 09:30:00,TORQ.V,,0.07000000029802322,0.07000000029802322,0.07000000029802322,0.07000000029802322,0.0
2025-06-19 09:30:00,TRA.V,,0.004999999888241291,0.004999999888241291,0.004999999888241291,0.004999999888241291,0.0
2025-06-19 09:30:00,TRBE.V,,0.5199999809265137,0.5199999809265137,0.5199999809265137,0.5199999809265137,0.0
2025-06-19 09:30:00,TRU.V,,0.02500000037252903,0.02500000037252903,0.02500000037252903,0.02500000037252903,0.0
2025-06-19 09:30:00,TSLV.V,,0.08500000089406967,0.08500000089406967,0.08500000089406967,0.08500000089406967,0.0
2025-06-19 09:30:00,TTD.V,,0.03999999910593033,0.03999999910593033,0.03999999910593033,0.03999999910593033,0.0
2025-06-19 09:30:00,TTZ.V,,0.20000000298023224,0.20000000298023224,0.20000000298023224,0.20000000298023224,0.0
2025-06-19 09:30:00,TUK.V,,0.07999999821186066,0.07999999821186066,0.07999999821186066,0.07999999821186066,0.0
2025-06-19 09:30:00,TUP-P.V,,0.03999999910593033,0.03999999910593033,0.03999999910593033,0.03999999910593033,0.0
2025-06-19 09:30:00,TVI.V,,0.014999999664723873,0.014999999664723873,0.014999999664723873,0.014999999664723873,0.0
2025-06-19 09:30:00,TVR-H.V,,0.03500000014901161,0.03500000014901161,0.03500000014901161,0.03500000014901161,0.0
2025-06-19 09:30:00,TWR.V,,0.10499999672174454,0.10499999672174454,0.10499999672174454,0.10499999672174454,0.0
2025-06-19 09:30:00,UCU.V,,1.1799999475479126,1.1799999475479126,1.1799999475479126,1.1799999475479126,0.0
2025-06-19 09:30:00,UGD.V,,0.15000000596046448,0.15000000596046448,0.15000000596046448,0.15000000596046448,0.0
2025-06-19 09:30:00,UI.V,,0.019999999552965164,0.019999999552965164,0.019999999552965164,0.019999999552965164,0.0
2025-06-19 09:30:00,UPT-P.V,,0.05999999865889549,0.05999999865889549,0.05999999865889549,0.05999999865889549,0.0
2025-06-19 09:30:00,VAU.V,,0.18000000715255737,0.18000000715255737,0.18000000715255737,0.18000000715255737,0.0
2025-06-19 09:30:00,VCC-P.V,,0.03999999910593033,0.03999999910593033,0.03999999910593033,0.03999999910593033,0.0
2025-06-19 09:30:00,VCU.V,,0.0949999988079071,0.0949999988079071,0.0949999988079071,0.0949999988079071,0.0
2025-06-19 09:30:00,VER-H.V,,0.009999999776482582,0.009999999776482582,0.009999999776482582,0.009999999776482582,0.0
2025-06-19 09:30:00,VLT.V,,0.26499998569488525,0.26499998569488525,0.26499998569488525,0.26499998569488525,0.0
2025-06-19 09:30:00,VM.V,,0.23999999463558197,0.23999999463558197,0.23999999463558197,0.23999999463558197,0.0
2025-06-19 09:30:00,VML.V,,0.5899999737739563,0.5899999737739563,0.5899999737739563,0.5899999737739563,0.0
2025-06-19 09:30:00,VO.V,,0.11999999731779099,0.11999999731779099,0.11999999731779099,0.11999999731779099,0.0
2025-06-19 09:30:00,VPT.V,,0.15000000596046448,0.15000000596046448,0.15000000596046448,0.15000000596046448,0.0
2025-06-19 09:30:00,VUL.V,,0.125,0.125,0.125,0.125,0.0
2025-06-19 09:30:00,VXL.V,,0.29499998688697815,0.29499998688697815,0.29499998688697815,0.29499998688697815,0.0
2025-06-19 09:30:00,WAM.V,,0.75,0.75,0.75,0.75,0.0
2025-06-19 09:30:00,WEE-H.V,,0.019999999552965164,0.019999999552965164,0.019999999552965164,0.019999999552965164,0.0
2025-06-19 09:30:00,WGO.V,,0.2849999964237213,0.2849999964237213,0.2849999964237213,0.2849999964237213,0.0
2025-06-19 09:30:00,WINS.V,,0.07500000298023224,0.07500000298023224,0.07500000298023224,0.07500000298023224,0.0
2025-06-19 09:30:00,WISH.V,,0.16500000655651093,0.16500000655651093,0.16500000655651093,0.16500000655651093,0.0
2025-06-19 09:30:00,WML.V,,0.04500000178813934,0.04500000178813934,0.04500000178813934,0.04500000178813934,0.0
2025-06-19 09:30:00,WOI-H.V,,0.03500000014901161,0.03500000014901161,0.03500000014901161,0.03500000014901161,0.0
2025-06-19 09:30:00,WRLG.V,,0.800000011920929,0.800000011920929,0.7900000214576721,0.800000011920929,0.0
2025-06-19 09:30:00,XIA-H.V,,0.07999999821186066,0.07999999821186066,0.07999999821186066,0.07999999821186066,0.0
2025-06-19 09:30:00,YSC-H.V,,0.029999999329447746,0.029999999329447746,0.029999999329447746,0.029999999329447746,0.0
2025-06-19 09:30:00,ZDC.V,,3.5799999237060547,3.5799999237060547,3.5799999237060547,3.5799999237060547,0.0
2025-06-19 09:30:00,ZEN.V,,1.8799999952316284,1.8799999952316284,1.8799999952316284,1.8799999952316284,0.0
2025-06-19 09:30:00,ZIM-H.V,,0.05000000074505806,0.05000000074505806,0.05000000074505806,0.05000000074505806,0.0
2025-06-19 09:30:00,ZMA.V,,0.07000000029802322,0.07000000029802322,0.07000000029802322,0.07000000029802322,0.0
2025-06-19 09:30:00,ZMD-H.V,,0.014999999664723873,0.014999999664723873,0.014999999664723873,0.014999999664723873,0.0
2025-06-19 09:30:00,ZOMD.V,,1.100000023841858,1.100000023841858,1.100000023841858,1.100000023841858,0.0
2025-06-19 09:31:00,TSLV.V,,0.08500000089406967,0.08500000089406967,0.08500000089406967,0.08500000089406967,0.0
2025-06-19 09:31:00,TTZ.V,,0.20000000298023224,0.20000000298023224,0.20000000298023224,0.20000000298023224,0.0
2025-06-19 09:31:00,WRLG.V,,0.800000011920929,0.800000011920929,0.800000011920929,0.800000011920929,42750.0
2025-06-19 09:32:00,WISH.V,,0.17000000178813934,0.17000000178813934,0.17000000178813934,0.17000000178813934,2000.0
2025-06-19 09:33:00,ONE.V,,0.44999998807907104,0.44999998807907104,0.44999998807907104,0.44999998807907104,0.0
2025-06-19 09:33:00,WISH.V,,0.17499999701976776,0.17499999701976776,0.17000000178813934,0.17000000178813934,17000.0
2025-06-19 09:34:00,VO.V,,0.11500000208616257,0.11500000208616257,0.11500000208616257,0.11500000208616257,0.0
2025-06-19 09:34:00,WHY.V,,0.4699999988079071,0.4699999988079071,0.4699999988079071,0.4699999988079071,0.0
2025-06-19 09:34:00,WISH.V,,0.17499999701976776,0.17499999701976776,0.17499999701976776,0.17499999701976776,0.0
2025-06-19 09:35:00,SPZ.V,,0.1899999976158142,0.1899999976158142,0.1899999976158142,0.1899999976158142,0.0
2025-06-19 09:36:00,VIO.V,,0.14000000059604645,0.14000000059604645,0.14000000059604645,0.14000000059604645,0.0
2025-06-19 09:36:00,VLC.V,,0.18000000715255737,0.18000000715255737,0.18000000715255737,0.18000000715255737,0.0
2025-06-19 09:37:00,THX.V,,0.7799999713897705,0.7799999713897705,0.7799999713897705,0.7799999713897705,8655.0
2025-06-19 09:38:00,WEB.V,,0.6399999856948853,0.6399999856948853,0.6399999856948853,0.6399999856948853,0.0
2025-06-19 09:40:00,SPZ.V,,0.1899999976158142,0.1899999976158142,0.1899999976158142,0.1899999976158142,70000.0
2025-06-19 09:40:00,VML.V,,0.5899999737739563,0.5899999737739563,0.5899999737739563,0.5899999737739563,28000.0
2025-06-19 09:41:00,VLT.V,,0.26499998569488525,0.26499998569488525,0.26499998569488525,0.26499998569488525,68007.0
2025-06-19 09:41:00,ZOMD.V,,1.1299999952316284,1.1399999856948853,1.1200000047683716,1.1200000047683716,9223.0
2025-06-19 09:42:00,SPZ.V,,0.1899999976158142,0.1899999976158142,0.1899999976158142,0.1899999976158142,4000.0
2025-06-19 09:42:00,TAO.V,,0.15000000596046448,0.15000000596046448,0.15000000596046448,0.15000000596046448,0.0
2025-06-19 09:42:00,TDG.V,,0.6200000047683716,0.6200000047683716,0.6200000047683716,0.6200000047683716,27650.0
2025-06-19 09:42:00,VML.V,,0.6000000238418579,0.6000000238418579,0.6000000238418579,0.6000000238418579,2000.0
2025-06-19 09:42:00,VPT.V,,0.14000000059604645,0.14000000059604645,0.14000000059604645,0.14000000059604645,0.0
2025-06-19 09:43:00,TRBC.V,,0.25,0.25,0.25,0.25,0.0
2025-06-19 09:43:00,UCU.V,,1.2000000476837158,1.2000000476837158,1.2000000476837158,1.2000000476837158,24337.0
2025-06-19 09:44:00,UCU.V,,1.2000000476837158,1.2000000476837158,1.2000000476837158,1.2000000476837158,1800.0
2025-06-19 09:45:00,SPZ.V,,0.1899999976158142,0.1899999976158142,0.1899999976158142,0.1899999976158142,10500.0
2025-06-19 09:45:00,UCU.V,,1.190000057220459,1.190000057220459,1.190000057220459,1.190000057220459,9450.0
2025-06-19 09:45:00,WISH.V,,0.18000000715255737,0.18000000715255737,0.18000000715255737,0.18000000715255737,79500.0
2025-06-19 09:45:00,WRLG.V,,0.8100000023841858,0.8100000023841858,0.8100000023841858,0.8100000023841858,3500.0
2025-06-19 09:46:00,TUO.V,,0.8299999833106995,0.8299999833106995,0.8299999833106995,0.8299999833106995,0.0
2025-06-19 09:46:00,WISH.V,,0.1850000023841858,0.1850000023841858,0.1850000023841858,0.1850000023841858,160500.0
2025-06-19 09:47:00,THX.V,,0.7799999713897705,0.7799999713897705,0.7799999713897705,0.7799999713897705,1500.0
2025-06-19 09:47:00,TIN.V,,0.15000000596046448,0.15000000596046448,0.15000000596046448,0.15000000596046448,21519.0
2025-06-19 09:47:00,VLT.V,,0.26499998569488525,0.26499998569488525,0.26499998569488525,0.26499998569488525,500.0
2025-06-19 09:47:00,WAM.V,,0.75,0.75,0.75,0.75,14600.0
2025-06-19 09:47:00,WISH.V,,0.20000000298023224,0.20000000298023224,0.20000000298023224,0.20000000298023224,5000.0
2025-06-19 09:49:00,ONE.V,,0.4350000023841858,0.4399999976158142,0.4350000023841858,0.4399999976158142,3504.0
2025-06-19 09:50:00,SPZ.V,,0.1899999976158142,0.1899999976158142,0.1899999976158142,0.1899999976158142,1000.0
2025-06-19 09:50:00,TVI.V,,0.014999999664723873,0.014999999664723873,0.014999999664723873,0.014999999664723873,18000.0
2025-06-19 09:51:00,SPZ.V,,0.1899999976158142,0.1899999976158142,0.1899999976158142,0.1899999976158142,169500.0
2025-06-19 09:52:00,TAO.V,,0.1550000011920929,0.1550000011920929,0.1550000011920929,0.1550000011920929,0.0
2025-06-19 09:52:00,TGOL.V,,0.054999999701976776,0.054999999701976776,0.054999999701976776,0.054999999701976776,1000.0
2025-06-19 09:52:00,WAM.V,,0.75,0.75,0.75,0.75,1500.0
2025-06-19 09:53:00,WAM.V,,0.75,0.75,0.75,0.75,500.0
2025-06-19 09:55:00,TTGI.V,,0.05000000074505806,0.05000000074505806,0.05000000074505806,0.05000000074505806,1000.0
2025-06-19 09:56:00,TLT.V,,0.1899999976158142,0.1899999976158142,0.1899999976158142,0.1899999976158142,0.0
2025-06-19 09:56:00,TOI.V,,163.3300018310547,163.75,163.3300018310547,163.75,345.0
2025-06-19 09:57:00,TIN.V,,0.15000000596046448,0.15000000596046448,0.15000000596046448,0.15000000596046448,500.0
2025-06-19 09:57:00,VML.V,,0.6000000238418579,0.6000000238418579,0.6000000238418579,0.6000000238418579,5000.0
2025-06-19 09:57:00,WHY.V,,0.47999998927116394,0.47999998927116394,0.47999998927116394,0.47999998927116394,0.0
2025-06-19 09:57:00,WRLG.V,,0.8100000023841858,0.8100000023841858,0.8100000023841858,0.8100000023841858,0.0
2025-06-19 09:58:00,WISH.V,,0.20000000298023224,0.20000000298023224,0.20000000298023224,0.20000000298023224,0.0
2025-06-19 09:59:00,ZDC.V,,3.569999933242798,3.609999895095825,3.569999933242798,3.5999999046325684,26700.0
2025-06-19 10:00:00,UCU.V,,1.1799999475479126,1.1799999475479126,1.1799999475479126,1.1799999475479126,7200.0
2025-06-19 10:00:00,ZDC.V,,3.609999895095825,3.609999895095825,3.609999895095825,3.609999895095825,100.0
2025-06-19 10:00:00,ZEN.V,,1.8600000143051147,1.8600000143051147,1.8600000143051147,1.8600000143051147,0.0
2025-06-19 10:01:00,TUD.V,,0.5199999809265137,0.5199999809265137,0.5199999809265137,0.5199999809265137,0.0
2025-06-19 10:01:00,UCU.V,,1.190000057220459,1.190000057220459,1.190000057220459,1.190000057220459,2000.0
2025-06-19 10:01:00,VML.V,,0.6100000143051147,0.6100000143051147,0.6100000143051147,0.6100000143051147,0.0
2025-06-19 10:02:00,TOI.V,,164.35000610351562,164.35000610351562,164.35000610351562,164.35000610351562,100.0
2025-06-19 10:02:00,TORQ.V,,0.07000000029802322,0.07000000029802322,0.07000000029802322,0.07000000029802322,68100.0
2025-06-19 10:02:00,UCU.V,,1.1799999475479126,1.1799999475479126,1.1799999475479126,1.1799999475479126,7000.0
2025-06-19 10:02:00,ZDC.V,,3.5999999046325684,3.5999999046325684,3.5999999046325684,3.5999999046325684,7100.0
2025-06-19 10:03:00,AUMB.V,,0.2150000035762787,0.2150000035762787,0.2150000035762787,0.2150000035762787,17500.0
2025-06-19 10:03:00,ZDC.V,,3.5999999046325684,3.5999999046325684,3.5999999046325684,3.5999999046325684,900.0
2025-06-19 10:04:00,TORQ.V,,0.07000000029802322,0.07000000029802322,0.07000000029802322,0.07000000029802322,0.0
2025-06-19 10:04:00,ZDC.V,,3.609999895095825,3.609999895095825,3.609999895095825,3.609999895095825,0.0
2025-06-19 10:05:00,TOI.V,,164.6199951171875,164.6199951171875,164.6199951171875,164.6199951171875,100.0
2025-06-19 10:06:00,SURG.V,,0.14000000059604645,0.14000000059604645,0.14000000059604645,0.14000000059604645,0.0
2025-06-19 10:06:00,TOI.V,,164.66000366210938,164.66000366210938,164.66000366210938,164.66000366210938,100.0
2025-06-19 10:06:00,WI.V,,0.550000011920929,0.550000011920929,0.550000011920929,0.550000011920929,0.0
2025-06-19 10:07:00,TIN.V,,0.15000000596046448,0.15000000596046448,0.15000000596046448,0.15000000596046448,0.0
2025-06-19 10:07:00,TUD.V,,0.5199999809265137,0.5199999809265137,0.5199999809265137,0.5199999809265137,0.0
2025-06-19 10:07:00,WAM.V,,0.7699999809265137,0.7699999809265137,0.7699999809265137,0.7699999809265137,0.0
2025-06-19 10:08:00,ZAC.V,,0.05999999865889549,0.05999999865889549,0.05999999865889549,0.05999999865889549,0.0
2025-06-19 10:09:00,ONE.V,,0.4399999976158142,0.4399999976158142,0.4399999976158142,0.4399999976158142,500.0
2025-06-19 10:09:00,TOI.V,,164.77999877929688,164.77999877929688,164.77999877929688,164.77999877929688,120.0
2025-06-19 10:10:00,ONE.V,,0.4350000023841858,0.4350000023841858,0.4350000023841858,0.4350000023841858,0.0
2025-06-19 10:10:00,TECT.V,,0.8700000047683716,0.8700000047683716,0.8700000047683716,0.8700000047683716,0.0
2025-06-19 10:10:00,UCU.V,,1.1799999475479126,1.1799999475479126,1.1799999475479126,1.1799999475479126,1900.0
2025-06-19 10:10:00,VLT.V,,0.27000001072883606,0.27000001072883606,0.27000001072883606,0.27000001072883606,0.0
2025-06-19 10:11:00,THX.V,,0.7900000214576721,0.7900000214576721,0.7900000214576721,0.7900000214576721,0.0
2025-06-19 10:12:00,VIO.V,,0.14000000059604645,0.14000000059604645,0.14000000059604645,0.14000000059604645,0.0
2025-06-19 10:13:00,UCU.V,,1.1799999475479126,1.1799999475479126,1.1799999475479126,1.1799999475479126,0.0
2025-06-19 10:14:00,AUMB.V,,0.20499999821186066,0.20499999821186066,0.20499999821186066,0.20499999821186066,483500.0
2025-06-19 10:14:00,WEB.V,,0.6399999856948853,0.6399999856948853,0.6399999856948853,0.6399999856948853,2237.0
2025-06-19 10:15:00,AUMB.V,,0.20499999821186066,0.20499999821186066,0.20499999821186066,0.20499999821186066,166000.0
2025-06-19 10:15:00,TK.V,,0.04500000178813934,0.04500000178813934,0.04500000178813934,0.04500000178813934,115000.0
2025-06-19 10:16:00,THX.V,,0.7900000214576721,0.7900000214576721,0.7900000214576721,0.7900000214576721,15655.0
2025-06-19 10:16:00,TVI.V,,0.014999999664723873,0.014999999664723873,0.014999999664723873,0.014999999664723873,0.0
2025-06-19 10:17:00,AUMB.V,,0.20499999821186066,0.20499999821186066,0.20499999821186066,0.20499999821186066,400000.0
2025-06-19 10:17:00,UCU.V,,1.190000057220459,1.190000057220459,1.190000057220459,1.190000057220459,60887.0
2025-06-19 10:18:00,AUMB.V,,0.20499999821186066,0.20499999821186066,0.20499999821186066,0.20499999821186066,47000.0
2025-06-19 10:18:00,TAJ.V,,0.06499999761581421,0.06499999761581421,0.06499999761581421,0.06499999761581421,0.0
2025-06-19 10:18:00,WAM.V,,0.7799999713897705,0.7900000214576721,0.7699999809265137,0.7699999809265137,23600.0
2025-06-19 10:19:00,TIN.V,,0.15000000596046448,0.15000000596046448,0.15000000596046448,0.15000000596046448,23019.0
2025-06-19 10:19:00,TOI.V,,164.64999389648438,164.7899932861328,164.64999389648438,164.7899932861328,203.0
2025-06-19 10:19:00,WAM.V,,0.7699999809265137,0.7799999713897705,0.7699999809265137,0.7799999713897705,1000.0
2025-06-19 10:21:00,ZEN.V,,1.8600000143051147,1.8600000143051147,1.8600000143051147,1.8600000143051147,11000.0
2025-06-19 10:22:00,TAJ.V,,0.06499999761581421,0.06499999761581421,0.06499999761581421,0.06499999761581421,36244.0
2025-06-19 10:22:00,TIG.V,,0.23999999463558197,0.23999999463558197,0.23999999463558197,0.23999999463558197,5000.0
2025-06-19 10:22:00,UCU.V,,1.190000057220459,1.190000057220459,1.190000057220459,1.190000057220459,500.0
2025-06-19 10:22:00,WGO.V,,0.2800000011920929,0.2800000011920929,0.2800000011920929,0.2800000011920929,37810.0
2025-06-19 10:23:00,AUMB.V,,0.20749999582767487,0.20749999582767487,0.20749999582767487,0.20749999582767487,1000.0
2025-06-19 10:23:00,TMG.V,,0.13500000536441803,0.14000000059604645,0.13500000536441803,0.14000000059604645,96700.0
2025-06-19 10:23:00,VML.V,,0.6000000238418579,0.6000000238418579,0.6000000238418579,0.6000000238418579,38000.0
2025-06-19 10:24:00,SPZ.V,,0.1899999976158142,0.1899999976158142,0.1899999976158142,0.1899999976158142,10500.0
2025-06-19 10:24:00,TAJ.V,,0.06499999761581421,0.06499999761581421,0.06499999761581421,0.06499999761581421,1000.0
2025-06-19 10:24:00,VM.V,,0.23499999940395355,0.23499999940395355,0.23499999940395355,0.23499999940395355,11157.0
2025-06-19 10:24:00,VML.V,,0.6000000238418579,0.6000000238418579,0.6000000238418579,0.6000000238418579,1000.0
2025-06-19 10:25:00,TMG.V,,0.12999999523162842,0.12999999523162842,0.12999999523162842,0.12999999523162842,235500.0
2025-06-19 10:25:00,VML.V,,0.6100000143051147,0.6100000143051147,0.6100000143051147,0.6100000143051147,19500.0
2025-06-19 10:25:00,ZOMD.V,,1.1399999856948853,1.1399999856948853,1.1399999856948853,1.1399999856948853,9439.0
2025-06-19 10:26:00,TMG.V,,0.12999999523162842,0.12999999523162842,0.12999999523162842,0.12999999523162842,0.0
2025-06-19 10:26:00,ZOMD.V,,1.1399999856948853,1.1399999856948853,1.1399999856948853,1.1399999856948853,0.0
2025-06-19 10:27:00,ONE.V,,0.4300000071525574,0.4300000071525574,0.4300000071525574,0.4300000071525574,6504.0
2025-06-19 10:27:00,TOI.V,,165.10000610351562,165.10000610351562,165.10000610351562,165.10000610351562,100.0
2025-06-19 10:27:00,TUD.V,,0.5199999809265137,0.5249999761581421,0.5199999809265137,0.5249999761581421,24000.0
2025-06-19 10:27:00,WGO.V,,0.2800000011920929,0.2800000011920929,0.2800000011920929,0.2800000011920929,7500.0
2025-06-19 10:28:00,TAJ.V,,0.07000000029802322,0.07000000029802322,0.07000000029802322,0.07000000029802322,0.0
2025-06-19 10:28:00,TBK.V,,0.33000001311302185,0.33000001311302185,0.33000001311302185,0.33000001311302185,1286.0
2025-06-19 10:28:00,THX.V,,0.7900000214576721,0.7900000214576721,0.7900000214576721,0.7900000214576721,4064.0
2025-06-19 10:28:00,VTX.V,,0.26499998569488525,0.26499998569488525,0.26499998569488525,0.26499998569488525,1500.0
2025-06-19 10:29:00,WEX.V,,0.6499999761581421,0.6499999761581421,0.6499999761581421,0.6499999761581421,0.0
2025-06-19 10:30:00,AUMB.V,,0.20749999582767487,0.20749999582767487,0.20749999582767487,0.20749999582767487,0.0
2025-06-19 10:30:00,SPZ.V,,0.1899999976158142,0.1899999976158142,0.1899999976158142,0.1899999976158142,0.0
2025-06-19 10:30:00,TSG.V,,0.1899999976158142,0.1899999976158142,0.1899999976158142,0.1899999976158142,0.0
2025-06-19 10:30:00,TSLV.V,,0.09000000357627869,0.09000000357627869,0.09000000357627869,0.09000000357627869,0.0
2025-06-19 10:30:00,WISH.V,,0.1899999976158142,0.1899999976158142,0.1899999976158142,0.1899999976158142,0.0
2025-06-19 10:32:00,TIN.V,,0.15000000596046448,0.15000000596046448,0.15000000596046448,0.15000000596046448,0.0
2025-06-19 10:32:00,TOI.V,,164.9499969482422,165.10000610351562,164.9499969482422,165.08999633789062,531.0
2025-06-19 10:32:00,WEX.V,,0.6399999856948853,0.6399999856948853,0.6399999856948853,0.6399999856948853,500.0
2025-06-19 10:32:00,WGO.V,,0.2800000011920929,0.2800000011920929,0.2800000011920929,0.2800000011920929,20000.0
2025-06-19 10:33:00,TUD.V,,0.5199999809265137,0.5199999809265137,0.5199999809265137,0.5199999809265137,0.0
2025-06-19 10:33:00,TUO.V,,0.8299999833106995,0.8299999833106995,0.8299999833106995,0.8299999833106995,0.0
2025-06-19 10:33:00,WHN.V,,0.1550000011920929,0.1550000011920929,0.1550000011920929,0.1550000011920929,0.0
2025-06-19 10:34:00,WEB.V,,0.6399999856948853,0.6399999856948853,0.6399999856948853,0.6399999856948853,500.0
2025-06-19 10:35:00,WEB.V,,0.6299999952316284,0.6299999952316284,0.6299999952316284,0.6299999952316284,23500.0
2025-06-19 10:35:00,WRLG.V,,0.8100000023841858,0.8100000023841858,0.8100000023841858,0.8100000023841858,0.0
2025-06-19 10:35:00,ZEN.V,,1.850000023841858,1.850000023841858,1.850000023841858,1.850000023841858,0.0
2025-06-19 10:36:00,WEB.V,,0.6200000047683716,0.6299999952316284,0.6200000047683716,0.6299999952316284,9007.0
2025-06-19 10:36:00,WGO.V,,0.2800000011920929,0.2800000011920929,0.2800000011920929,0.2800000011920929,3989.0
2025-06-19 10:38:00,ONE.V,,0.4399999976158142,0.4399999976158142,0.4399999976158142,0.4399999976158142,0.0
2025-06-19 10:38:00,TUK.V,,0.07500000298023224,0.07500000298023224,0.07500000298023224,0.07500000298023224,0.0
2025-06-19 10:39:00,TOI.V,,165.10000610351562,165.10000610351562,165.10000610351562,165.10000610351562,102.0
2025-06-19 10:40:00,VM.V,,0.23499999940395355,0.23499999940395355,0.23499999940395355,0.23499999940395355,0.0
2025-06-19 10:41:00,TECT.V,,0.8399999737739563,0.8399999737739563,0.8399999737739563,0.8399999737739563,5212.0
2025-06-19 10:42:00,TECT.V,,0.8399999737739563,0.8399999737739563,0.8399999737739563,0.8399999737739563,5712.0
2025-06-19 10:42:00,TPC.V,,0.10999999940395355,0.10999999940395355,0.10999999940395355,0.10999999940395355,0.0
2025-06-19 10:42:00,UCU.V,,1.190000057220459,1.190000057220459,1.190000057220459,1.190000057220459,3500.0
2025-06-19 10:42:00,VLT.V,,0.27000001072883606,0.27000001072883606,0.27000001072883606,0.27000001072883606,104507.0
2025-06-19 10:42:00,WEB.V,,0.6000000238418579,0.6000000238418579,0.6000000238418579,0.6000000238418579,9150.0
2025-06-19 10:43:00,NILI.V,,0.2750000059604645,0.2750000059604645,0.2750000059604645,0.2750000059604645,22830.0
2025-06-19 10:43:00,TINY.V,,0.8999999761581421,0.8999999761581421,0.8999999761581421,0.8999999761581421,1500.0
2025-06-19 10:44:00,TINY.V,,0.8999999761581421,0.8999999761581421,0.8999999761581421,0.8999999761581421,3100.0
2025-06-19 10:44:00,VLT.V,,0.27000001072883606,0.27000001072883606,0.27000001072883606,0.27000001072883606,58500.0
2025-06-19 10:44:00,WEX.V,,0.6499999761581421,0.6499999761581421,0.6499999761581421,0.6499999761581421,0.0
2025-06-19 10:44:00,ZON.V,,0.04500000178813934,0.04500000178813934,0.04500000178813934,0.04500000178813934,0.0
2025-06-19 10:45:00,VAU.V,,0.17499999701976776,0.17499999701976776,0.17499999701976776,0.17499999701976776,45500.0
2025-06-19 10:45:00,VML.V,,0.6100000143051147,0.6100000143051147,0.6100000143051147,0.6100000143051147,3000.0
2025-06-19 10:45:00,WAM.V,,0.7599999904632568,0.7699999809265137,0.7599999904632568,0.7699999809265137,3000.0
2025-06-19 10:46:00,TIN.V,,0.15000000596046448,0.15000000596046448,0.15000000596046448,0.15000000596046448,24019.0
2025-06-19 10:46:00,TUO.V,,0.8199999928474426,0.8199999928474426,0.8199999928474426,0.8199999928474426,0.0
2025-06-19 10:46:00,VLT.V,,0.27000001072883606,0.27000001072883606,0.27000001072883606,0.27000001072883606,5500.0
2025-06-19 10:46:00,WAM.V,,0.7599999904632568,0.7599999904632568,0.7599999904632568,0.7599999904632568,500.0
2025-06-19 10:46:00,WEB.V,,0.6100000143051147,0.6100000143051147,0.6100000143051147,0.6100000143051147,2000.0
2025-06-19 10:46:00,ZEN.V,,1.8799999952316284,1.8799999952316284,1.850000023841858,1.850000023841858,13500.0
2025-06-19 10:47:00,TSLV.V,,0.08500000089406967,0.08500000089406967,0.08500000089406967,0.08500000089406967,162000.0
2025-06-19 10:47:00,WAM.V,,0.75,0.75,0.75,0.75,3000.0
2025-06-19 10:48:00,WAM.V,,0.7400000095367432,0.7400000095367432,0.7400000095367432,0.7400000095367432,0.0
2025-06-19 10:48:00,WEB.V,,0.6000000238418579,0.6000000238418579,0.6000000238418579,0.6000000238418579,9500.0
2025-06-19 10:49:00,WEB.V,,0.6000000238418579,0.6000000238418579,0.6000000238418579,0.6000000238418579,10966.0
2025-06-19 10:51:00,TOI.V,,164.97999572753906,164.97999572753906,164.97999572753906,164.97999572753906,100.0
2025-06-19 10:51:00,ZEN.V,,1.850000023841858,1.850000023841858,1.850000023841858,1.850000023841858,400.0
2025-06-19 10:52:00,UCU.V,,1.190000057220459,1.190000057220459,1.190000057220459,1.190000057220459,7200.0
2025-06-19 10:54:00,TSLV.V,,0.08500000089406967,0.08500000089406967,0.08500000089406967,0.08500000089406967,164000.0
2025-06-19 10:54:00,WHY.V,,0.47999998927116394,0.47999998927116394,0.47999998927116394,0.47999998927116394,14461.0
2025-06-19 10:54:00,WISH.V,,0.1899999976158142,0.1899999976158142,0.1899999976158142,0.1899999976158142,249000.0
2025-06-19 10:55:00,SPZ.V,,0.1899999976158142,0.1899999976158142,0.1899999976158142,0.1899999976158142,183500.0
2025-06-19 10:55:00,TUD.V,,0.5199999809265137,0.5199999809265137,0.5199999809265137,0.5199999809265137,0.0
2025-06-19 10:55:00,UCU.V,,1.190000057220459,1.190000057220459,1.190000057220459,1.190000057220459,18800.0
2025-06-19 10:56:00,WVM.V,,1.3700000047683716,1.3700000047683716,1.3700000047683716,1.3700000047683716,0.0
2025-06-19 10:57:00,TPC.V,,0.11500000208616257,0.11500000208616257,0.11500000208616257,0.11500000208616257,3000.0
2025-06-19 10:58:00,ZEN.V,,1.8799999952316284,1.8799999952316284,1.8799999952316284,1.8799999952316284,800.0
2025-06-19 10:59:00,TK.V,,0.05000000074505806,0.05000000074505806,0.05000000074505806,0.05000000074505806,130000.0
2025-06-19 11:00:00,TIN.V,,0.15000000596046448,0.15000000596046448,0.15000000596046448,0.15000000596046448,500.0
2025-06-19 11:01:00,LOT.V,,0.019999999552965164,0.019999999552965164,0.019999999552965164,0.019999999552965164,0.0
2025-06-19 11:01:00,SPZ.V,,0.20000000298023224,0.20000000298023224,0.1899999976158142,0.1899999976158142,37500.0
2025-06-19 11:01:00,TOI.V,,164.82000732421875,164.82000732421875,164.82000732421875,164.82000732421875,103.0
2025-06-19 11:01:00,UCU.V,,1.1799999475479126,1.1799999475479126,1.1799999475479126,1.1799999475479126,400.0
2025-06-19 11:02:00,SPZ.V,,0.20000000298023224,0.20000000298023224,0.20000000298023224,0.20000000298023224,0.0
2025-06-19 11:02:00,ZEN.V,,1.850000023841858,1.850000023841858,1.850000023841858,1.850000023841858,1100.0
2025-06-19 11:03:00,TDG.V,,0.6200000047683716,0.6200000047683716,0.6200000047683716,0.6200000047683716,21500.0
2025-06-19 11:03:00,UCU.V,,1.1799999475479126,1.1799999475479126,1.1799999475479126,1.1799999475479126,3300.0
2025-06-19 11:03:00,ZEN.V,,1.850000023841858,1.850000023841858,1.850000023841858,1.850000023841858,6500.0
2025-06-19 11:04:00,ZEN.V,,1.850000023841858,1.850000023841858,1.850000023841858,1.850000023841858,100.0
2025-06-19 11:05:00,UCU.V,,1.1799999475479126,1.1799999475479126,1.1799999475479126,1.1799999475479126,100.0
2025-06-19 11:06:00,WHY.V,,0.49000000953674316,0.49000000953674316,0.49000000953674316,0.49000000953674316,20461.0
2025-06-19 11:07:00,TDG.V,,0.6200000047683716,0.6200000047683716,0.6200000047683716,0.6200000047683716,0.0
2025-06-19 11:07:00,TOI.V,,164.72999572753906,164.72999572753906,164.72999572753906,164.72999572753906,125.0
2025-06-19 11:07:00,ZOMD.V,,1.1299999952316284,1.1299999952316284,1.1299999952316284,1.1299999952316284,0.0
2025-06-19 11:09:00,TOI.V,,164.80999755859375,164.80999755859375,164.80999755859375,164.80999755859375,120.0
2025-06-19 11:10:00,TAJ.V,,0.06499999761581421,0.06499999761581421,0.06499999761581421,0.06499999761581421,211244.0
2025-06-19 11:11:00,TOI.V,,164.3000030517578,164.3000030517578,164.3000030517578,164.3000030517578,110.0
2025-06-19 11:11:00,UCU.V,,1.1799999475479126,1.1799999475479126,1.1799999475479126,1.1799999475479126,13600.0
2025-06-19 11:15:00,TIN.V,,0.15000000596046448,0.15000000596046448,0.15000000596046448,0.15000000596046448,500.0
2025-06-19 11:15:00,UCU.V,,1.1799999475479126,1.184999942779541,1.1799999475479126,1.184999942779541,1200.0
2025-06-19 11:15:00,VLT.V,,0.30000001192092896,0.30000001192092896,0.2750000059604645,0.2750000059604645,66000.0
2025-06-19 11:19:00,TOI.V,,164.2100067138672,164.2100067138672,164.2100067138672,164.2100067138672,223.0
2025-06-19 11:19:00,UCU.V,,1.1799999475479126,1.1799999475479126,1.1799999475479126,1.1799999475479126,100.0
2025-06-19 11:19:00,VML.V,,0.6000000238418579,0.6000000238418579,0.6000000238418579,0.6000000238418579,0.0
2025-06-19 11:20:00,TAJ.V,,0.07000000029802322,0.07000000029802322,0.07000000029802322,0.07000000029802322,96000.0
2025-06-19 11:23:00,NILI.V,,0.27000001072883606,0.27000001072883606,0.27000001072883606,0.27000001072883606,0.0
2025-06-19 11:23:00,TOI.V,,164.7899932861328,164.7899932861328,164.7899932861328,164.7899932861328,100.0
2025-06-19 11:24:00,TAO.V,,0.1550000011920929,0.1550000011920929,0.1550000011920929,0.1550000011920929,0.0
2025-06-19 11:24:00,TINY.V,,0.9100000262260437,0.9100000262260437,0.9100000262260437,0.9100000262260437,5100.0
2025-06-19 11:24:00,UCU.V,,1.184999942779541,1.184999942779541,1.184999942779541,1.184999942779541,500.0
2025-06-19 11:26:00,WEB.V,,0.5899999737739563,0.5899999737739563,0.5899999737739563,0.5899999737739563,5000.0
2025-06-19 11:27:00,WEB.V,,0.5799999833106995,0.5899999737739563,0.5799999833106995,0.5899999737739563,10551.0
2025-06-19 11:28:00,ZEN.V,,1.8799999952316284,1.8799999952316284,1.8799999952316284,1.8799999952316284,1100.0
2025-06-19 11:29:00,TOI.V,,164.63999938964844,164.63999938964844,164.63999938964844,164.63999938964844,140.0
2025-06-19 11:29:00,ZEN.V,,1.8799999952316284,1.8799999952316284,1.8799999952316284,1.8799999952316284,100.0
2025-06-19 11:30:00,UCU.V,,1.190000057220459,1.190000057220459,1.190000057220459,1.190000057220459,6000.0
2025-06-19 11:30:00,VAU.V,,0.17499999701976776,0.17499999701976776,0.17499999701976776,0.17499999701976776,1000.0
2025-06-19 11:31:00,TIN.V,,0.15000000596046448,0.15000000596046448,0.15000000596046448,0.15000000596046448,500.0
2025-06-19 11:31:00,UCU.V,,1.1799999475479126,1.1799999475479126,1.1799999475479126,1.1799999475479126,0.0
2025-06-19 11:32:00,VM.V,,0.23499999940395355,0.23499999940395355,0.23499999940395355,0.23499999940395355,0.0
2025-06-19 11:32:00,VPT.V,,0.14499999582767487,0.14499999582767487,0.14499999582767487,0.14499999582767487,10670.0
2025-06-19 11:33:00,TRU.V,,0.029999999329447746,0.029999999329447746,0.029999999329447746,0.029999999329447746,0.0
2025-06-19 11:33:00,TTI.V,,0.7699999809265137,0.7699999809265137,0.7699999809265137,0.7699999809265137,0.0
2025-06-19 11:33:00,WGO.V,,0.2800000011920929,0.2800000011920929,0.2800000011920929,0.2800000011920929,500.0
2025-06-19 11:35:00,ZEN.V,,1.840000033378601,1.840000033378601,1.840000033378601,1.840000033378601,0.0
2025-06-19 11:36:00,VO.V,,0.11500000208616257,0.11500000208616257,0.11500000208616257,0.11500000208616257,0.0
2025-06-19 11:36:00,WRLG.V,,0.8100000023841858,0.8100000023841858,0.8100000023841858,0.8100000023841858,191321.0
2025-06-19 11:37:00,VAU.V,,0.17000000178813934,0.17000000178813934,0.17000000178813934,0.17000000178813934,0.0
2025-06-19 11:38:00,VLT.V,,0.2800000011920929,0.2800000011920929,0.2800000011920929,0.2800000011920929,0.0
2025-06-19 11:39:00,TWO.V,,0.125,0.125,0.125,0.125,0.0
2025-06-19 11:39:00,WHN.V,,0.15000000596046448,0.1525000035762787,0.15000000596046448,0.15000000596046448,73000.0
2025-06-19 11:42:00,TAJ.V,,0.07000000029802322,0.07000000029802322,0.07000000029802322,0.07000000029802322,36000.0
2025-06-19 11:42:00,WGO.V,,0.2800000011920929,0.2800000011920929,0.2800000011920929,0.2800000011920929,0.0
2025-06-19 11:43:00,TOI.V,,164.7899932861328,164.7899932861328,164.7899932861328,164.7899932861328,0.0
2025-06-19 11:43:00,TPC.V,,0.11500000208616257,0.11500000208616257,0.11500000208616257,0.11500000208616257,4000.0
2025-06-19 11:44:00,TAJ.V,,0.07000000029802322,0.07000000029802322,0.07000000029802322,0.07000000029802322,0.0
2025-06-19 11:46:00,VPT.V,,0.14499999582767487,0.14499999582767487,0.14499999582767487,0.14499999582767487,0.0
2025-06-19 11:47:00,TRBC.V,,0.20999999344348907,0.20999999344348907,0.20999999344348907,0.20999999344348907,0.0
2025-06-19 11:47:00,YNV.V,,0.25999999046325684,0.25999999046325684,0.25999999046325684,0.25999999046325684,0.0
2025-06-19 11:48:00,TIN.V,,0.15000000596046448,0.15000000596046448,0.15000000596046448,0.15000000596046448,0.0
2025-06-19 11:49:00,TPC.V,,0.11500000208616257,0.11500000208616257,0.11500000208616257,0.11500000208616257,7500.0
2025-06-19 11:49:00,WRLG.V,,0.8100000023841858,0.8100000023841858,0.8100000023841858,0.8100000023841858,0.0
2025-06-19 11:49:00,XTM.V,,0.05000000074505806,0.05000000074505806,0.05000000074505806,0.05000000074505806,0.0
2025-06-19 11:50:00,TPC.V,,0.10499999672174454,0.10499999672174454,0.10499999672174454,0.10499999672174454,43000.0
2025-06-19 11:51:00,TOI.V,,164.82000732421875,164.82000732421875,164.82000732421875,164.82000732421875,3766.0
2025-06-19 11:52:00,ONE.V,,0.42500001192092896,0.4300000071525574,0.42500001192092896,0.4300000071525574,10854.0
2025-06-19 11:53:00,ONE.V,,0.41999998688697815,0.41999998688697815,0.41999998688697815,0.41999998688697815,3000.0
2025-06-19 11:53:00,WEB.V,,0.5799999833106995,0.5799999833106995,0.5799999833106995,0.5799999833106995,24800.0
2025-06-19 11:54:00,WEB.V,,0.5699999928474426,0.5699999928474426,0.5699999928474426,0.5699999928474426,27000.0
2025-06-19 11:55:00,TINY.V,,0.8999999761581421,0.8999999761581421,0.8999999761581421,0.8999999761581421,1000.0
2025-06-19 11:55:00,VLT.V,,0.30000001192092896,0.30000001192092896,0.30000001192092896,0.30000001192092896,252507.0
2025-06-19 11:55:00,WEB.V,,0.5600000023841858,0.5699999928474426,0.5600000023841858,0.5699999928474426,78500.0
2025-06-19 11:56:00,WEB.V,,0.550000011920929,0.550000011920929,0.550000011920929,0.550000011920929,2500.0
2025-06-19 11:57:00,WEB.V,,0.550000011920929,0.550000011920929,0.550000011920929,0.550000011920929,13500.0
2025-06-19 11:59:00,TOI.V,,164.67999267578125,164.67999267578125,164.67999267578125,164.67999267578125,200.0
2025-06-19 12:05:00,WEB.V,,0.550000011920929,0.550000011920929,0.550000011920929,0.550000011920929,16000.0
2025-06-19 12:06:00,TIN.V,,0.15000000596046448,0.15000000596046448,0.15000000596046448,0.15000000596046448,26519.0
2025-06-19 12:06:00,TOI.V,,164.25999450683594,164.25999450683594,164.25999450683594,164.25999450683594,200.0
2025-06-19 12:07:00,TOI.V,,164.69000244140625,164.69000244140625,164.69000244140625,164.69000244140625,100.0
2025-06-19 12:07:00,TTZ.V,,0.20499999821186066,0.20499999821186066,0.20000000298023224,0.20000000298023224,105800.0
2025-06-19 12:08:00,TIN.V,,0.1599999964237213,0.1599999964237213,0.1550000011920929,0.1550000011920929,11500.0
2025-06-19 12:10:00,WRLG.V,,0.8100000023841858,0.8100000023841858,0.8100000023841858,0.8100000023841858,217921.0
2025-06-19 12:11:00,WHY.V,,0.48500001430511475,0.48500001430511475,0.48500001430511475,0.48500001430511475,2000.0
2025-06-19 12:13:00,VCT.V,,0.019999999552965164,0.019999999552965164,0.019999999552965164,0.019999999552965164,92000.0
2025-06-19 12:13:00,VPT.V,,0.14499999582767487,0.14499999582767487,0.14499999582767487,0.14499999582767487,19670.0
2025-06-19 12:14:00,TLT.V,,0.18000000715255737,0.18000000715255737,0.18000000715255737,0.18000000715255737,0.0
2025-06-19 12:14:00,TOI.V,,164.69000244140625,164.69000244140625,164.69000244140625,164.69000244140625,160.0
2025-06-19 12:15:00,UCU.V,,1.190000057220459,1.190000057220459,1.190000057220459,1.190000057220459,124887.0
2025-06-19 12:16:00,UGD.V,,0.15000000596046448,0.15000000596046448,0.15000000596046448,0.15000000596046448,44200.0
2025-06-19 12:16:00,VLT.V,,0.30000001192092896,0.30000001192092896,0.30000001192092896,0.30000001192092896,8500.0
2025-06-19 12:19:00,UCU.V,,1.190000057220459,1.190000057220459,1.184999942779541,1.184999942779541,7500.0
2025-06-19 12:20:00,TOI.V,,164.83999633789062,164.83999633789062,164.83999633789062,164.83999633789062,100.0
2025-06-19 12:22:00,WEX.V,,0.6399999856948853,0.6399999856948853,0.6399999856948853,0.6399999856948853,10153.0
2025-06-19 12:23:00,VM.V,,0.23499999940395355,0.23499999940395355,0.23499999940395355,0.23499999940395355,42157.0
2025-06-19 12:25:00,TOI.V,,164.47000122070312,164.47000122070312,164.47000122070312,164.47000122070312,138.0
2025-06-19 12:25:00,VLT.V,,0.3050000071525574,0.3050000071525574,0.30000001192092896,0.30000001192092896,12000.0
2025-06-19 12:25:00,WEB.V,,0.5799999833106995,0.5799999833106995,0.5799999833106995,0.5799999833106995,2000.0
2025-06-19 12:25:00,WRLG.V,,0.8100000023841858,0.8100000023841858,0.8100000023841858,0.8100000023841858,5000.0
2025-06-19 12:26:00,VERT.V,,0.05000000074505806,0.05000000074505806,0.05000000074505806,0.05000000074505806,0.0
2025-06-19 12:26:00,WRLG.V,,0.8100000023841858,0.8100000023841858,0.8100000023841858,0.8100000023841858,1400.0
2025-06-19 12:27:00,VLT.V,,0.2750000059604645,0.2750000059604645,0.2750000059604645,0.2750000059604645,25000.0
2025-06-19 12:28:00,SPZ.V,,0.20000000298023224,0.20000000298023224,0.20000000298023224,0.20000000298023224,248456.0
2025-06-19 12:28:00,VML.V,,0.6000000238418579,0.6000000238418579,0.6000000238418579,0.6000000238418579,66000.0
2025-06-19 12:31:00,VIO.V,,0.14000000059604645,0.14000000059604645,0.14000000059604645,0.14000000059604645,30000.0
2025-06-19 12:31:00,VLT.V,,0.28999999165534973,0.28999999165534973,0.28999999165534973,0.28999999165534973,0.0
2025-06-19 12:33:00,TLA.V,,0.8100000023841858,0.8100000023841858,0.8100000023841858,0.8100000023841858,0.0
2025-06-19 12:33:00,TR.V,,0.029999999329447746,0.029999999329447746,0.029999999329447746,0.029999999329447746,2000.0
2025-06-19 12:33:00,TUD.V,,0.5199999809265137,0.5199999809265137,0.5199999809265137,0.5199999809265137,31000.0
2025-06-19 12:33:00,WEB.V,,0.5799999833106995,0.5799999833106995,0.5799999833106995,0.5799999833106995,2000.0
2025-06-19 12:34:00,TLA.V,,0.8100000023841858,0.8100000023841858,0.8100000023841858,0.8100000023841858,2000.0
2025-06-19 12:35:00,TAO.V,,0.1599999964237213,0.1599999964237213,0.1599999964237213,0.1599999964237213,80018.0
2025-06-19 12:35:00,UCU.V,,1.190000057220459,1.190000057220459,1.184999942779541,1.184999942779541,2700.0
2025-06-19 12:36:00,WHY.V,,0.49000000953674316,0.49000000953674316,0.49000000953674316,0.49000000953674316,3000.0
2025-06-19 12:37:00,TLA.V,,0.8100000023841858,0.8100000023841858,0.8100000023841858,0.8100000023841858,2000.0
2025-06-19 12:37:00,TMS-H.V,,0.004999999888241291,0.004999999888241291,0.004999999888241291,0.004999999888241291,1000.0
2025-06-19 12:37:00,VPT.V,,0.14499999582767487,0.14499999582767487,0.14499999582767487,0.14499999582767487,7850.0
2025-06-19 12:38:00,WGLD.V,,0.05000000074505806,0.05000000074505806,0.05000000074505806,0.05000000074505806,2000.0
2025-06-19 12:39:00,TOI.V,,164.22999572753906,164.22999572753906,164.22999572753906,164.22999572753906,100.0
2025-06-19 12:39:00,WHY.V,,0.49000000953674316,0.49000000953674316,0.49000000953674316,0.49000000953674316,2500.0
2025-06-19 12:40:00,TM.V,,0.26499998569488525,0.26499998569488525,0.26499998569488525,0.26499998569488525,0.0
2025-06-19 12:40:00,VMXX.V,,0.11999999731779099,0.125,0.11999999731779099,0.125,0.0
2025-06-19 12:41:00,ONE.V,,0.42500001192092896,0.42500001192092896,0.42500001192092896,0.42500001192092896,500.0
2025-06-19 12:42:00,THX.V,,0.7599999904632568,0.7799999713897705,0.7599999904632568,0.7799999713897705,29135.0
2025-06-19 12:42:00,VML.V,,0.6000000238418579,0.6000000238418579,0.6000000238418579,0.6000000238418579,17500.0
2025-06-19 12:42:00,VPT.V,,0.14499999582767487,0.14499999582767487,0.14499999582767487,0.14499999582767487,4500.0
2025-06-19 12:42:00,WEB.V,,0.5799999833106995,0.5799999833106995,0.5799999833106995,0.5799999833106995,800.0
2025-06-19 12:43:00,VM.V,,0.23499999940395355,0.23499999940395355,0.23499999940395355,0.23499999940395355,5500.0
2025-06-19 12:43:00,WEB.V,,0.5799999833106995,0.5799999833106995,0.5799999833106995,0.5799999833106995,1500.0
2025-06-19 12:44:00,ZYUS.V,,0.7200000286102295,0.7200000286102295,0.7200000286102295,0.7200000286102295,0.0
2025-06-19 12:45:00,WEB.V,,0.5899999737739563,0.5899999737739563,0.5899999737739563,0.5899999737739563,2000.0
2025-06-19 12:46:00,TOI.V,,164.24000549316406,164.24000549316406,164.24000549316406,164.24000549316406,100.0
2025-06-19 12:48:00,TOI.V,,164.25,164.25,164.25,164.25,730.0
2025-06-19 12:48:00,UCU.V,,1.190000057220459,1.190000057220459,1.184999942779541,1.184999942779541,1700.0
2025-06-19 12:48:00,WEB.V,,0.6000000238418579,0.6000000238418579,0.6000000238418579,0.6000000238418579,0.0
2025-06-19 12:49:00,WEB.V,,0.6000000238418579,0.6000000238418579,0.6000000238418579,0.6000000238418579,261019.0
2025-06-19 12:52:00,NILI.V,,0.2750000059604645,0.2750000059604645,0.2750000059604645,0.2750000059604645,35830.0
2025-06-19 12:53:00,TLA.V,,0.8100000023841858,0.8100000023841858,0.8100000023841858,0.8100000023841858,10500.0
2025-06-19 12:53:00,WEB.V,,0.6000000238418579,0.6000000238418579,0.6000000238418579,0.6000000238418579,9500.0
2025-06-19 12:54:00,TOI.V,,164.4600067138672,164.4600067138672,164.42999267578125,164.42999267578125,200.0
2025-06-19 12:54:00,WAM.V,,0.7400000095367432,0.7400000095367432,0.7400000095367432,0.7400000095367432,37100.0
2025-06-19 12:55:00,SUI.V,,0.14000000059604645,0.14000000059604645,0.14000000059604645,0.14000000059604645,0.0
2025-06-19 12:56:00,SUI.V,,0.12999999523162842,0.13500000536441803,0.12999999523162842,0.13500000536441803,9500.0
2025-06-19 12:56:00,UCU.V,,1.190000057220459,1.190000057220459,1.184999942779541,1.184999942779541,1200.0
2025-06-19 12:58:00,NILI.V,,0.2750000059604645,0.2750000059604645,0.2750000059604645,0.2750000059604645,40830.0
2025-06-19 12:58:00,WEB.V,,0.6200000047683716,0.6200000047683716,0.6200000047683716,0.6200000047683716,2000.0
2025-06-19 12:58:00,ZON.V,,0.04500000178813934,0.04500000178813934,0.04500000178813934,0.04500000178813934,34200.0
2025-06-19 13:01:00,TOI.V,,164.50999450683594,164.50999450683594,164.50999450683594,164.50999450683594,100.0
2025-06-19 13:04:00,SPZ.V,,0.20000000298023224,0.20000000298023224,0.20000000298023224,0.20000000298023224,1000.0
2025-06-19 13:06:00,TIN.V,,0.1599999964237213,0.1599999964237213,0.1599999964237213,0.1599999964237213,0.0
2025-06-19 13:07:00,AUMB.V,,0.20499999821186066,0.20499999821186066,0.20499999821186066,0.20499999821186066,1260800.0
2025-06-19 13:07:00,TOI.V,,164.42999267578125,164.42999267578125,164.42999267578125,164.42999267578125,154.0
2025-06-19 13:09:00,VRR.V,,0.02500000037252903,0.02500000037252903,0.02500000037252903,0.02500000037252903,0.0
2025-06-19 13:10:00,VMXX.V,,0.11999999731779099,0.11999999731779099,0.11999999731779099,0.11999999731779099,12500.0
2025-06-19 13:10:00,WEB.V,,0.6100000143051147,0.6100000143051147,0.6100000143051147,0.6100000143051147,0.0
2025-06-19 13:11:00,ZDC.V,,3.619999885559082,3.619999885559082,3.619999885559082,3.619999885559082,35000.0
2025-06-19 13:13:00,TTZ.V,,0.20000000298023224,0.20999999344348907,0.20000000298023224,0.20999999344348907,21500.0
2025-06-19 13:14:00,SPZ.V,,0.20000000298023224,0.20000000298023224,0.20000000298023224,0.20000000298023224,249956.0
2025-06-19 13:14:00,TORQ.V,,0.07000000029802322,0.07000000029802322,0.07000000029802322,0.07000000029802322,143100.0
2025-06-19 13:14:00,VG.V,,0.12999999523162842,0.12999999523162842,0.12999999523162842,0.12999999523162842,10000.0
2025-06-19 13:14:00,WAM.V,,0.7300000190734863,0.7300000190734863,0.7300000190734863,0.7300000190734863,6500.0
2025-06-19 13:15:00,TOI.V,,164.57000732421875,164.57000732421875,164.57000732421875,164.57000732421875,110.0
2025-06-19 13:17:00,TVI.V,,0.014999999664723873,0.014999999664723873,0.014999999664723873,0.014999999664723873,0.0
2025-06-19 13:18:00,TWR.V,,0.10000000149011612,0.10000000149011612,0.10000000149011612,0.10000000149011612,25000.0
2025-06-19 13:18:00,VM.V,,0.23000000417232513,0.23000000417232513,0.23000000417232513,0.23000000417232513,1000.0
2025-06-19 13:19:00,TOI.V,,164.5,164.5,164.5,164.5,200.0
2025-06-19 13:19:00,UCU.V,,1.190000057220459,1.190000057220459,1.190000057220459,1.190000057220459,300.0
2025-06-19 13:21:00,ZEN.V,,1.809999942779541,1.809999942779541,1.809999942779541,1.809999942779541,24104.0
2025-06-19 13:22:00,AUMB.V,,0.20499999821186066,0.20499999821186066,0.20499999821186066,0.20499999821186066,14000.0
2025-06-19 13:22:00,THX.V,,0.7799999713897705,0.7799999713897705,0.7799999713897705,0.7799999713897705,0.0
2025-06-19 13:23:00,TTZ.V,,0.20999999344348907,0.20999999344348907,0.20999999344348907,0.20999999344348907,1000.0
2025-06-19 13:24:00,VML.V,,0.6100000143051147,0.6100000143051147,0.6100000143051147,0.6100000143051147,0.0
2025-06-19 13:25:00,TOI.V,,164.5,164.5,164.5,164.5,160.0
2025-06-19 13:28:00,RARE.V,,0.4699999988079071,0.4699999988079071,0.4699999988079071,0.4699999988079071,2000.0
2025-06-19 13:28:00,TDG.V,,0.6200000047683716,0.6200000047683716,0.6200000047683716,0.6200000047683716,67150.0
2025-06-19 13:28:00,TUD.V,,0.5199999809265137,0.5199999809265137,0.5199999809265137,0.5199999809265137,20000.0
2025-06-19 13:28:00,WRLG.V,,0.8199999928474426,0.8199999928474426,0.8199999928474426,0.8199999928474426,673.0
2025-06-19 13:29:00,ZEN.V,,1.7999999523162842,1.809999942779541,1.7999999523162842,1.809999942779541,1311.0
2025-06-19 13:31:00,UGD.V,,0.14000000059604645,0.14000000059604645,0.14000000059604645,0.14000000059604645,47700.0
2025-06-19 13:32:00,TAJ.V,,0.07000000029802322,0.07000000029802322,0.07000000029802322,0.07000000029802322,423244.0
2025-06-19 13:32:00,VM.V,,0.23000000417232513,0.23000000417232513,0.23000000417232513,0.23000000417232513,1000.0
2025-06-19 13:32:00,WHY.V,,0.47999998927116394,0.47999998927116394,0.47999998927116394,0.47999998927116394,2000.0
2025-06-19 13:33:00,WI.V,,0.550000011920929,0.550000011920929,0.550000011920929,0.550000011920929,7000.0
2025-06-19 13:35:00,ONE.V,,0.42500001192092896,0.42500001192092896,0.42500001192092896,0.42500001192092896,1000.0
2025-06-19 13:35:00,TRBC.V,,0.27000001072883606,0.27000001072883606,0.26499998569488525,0.26499998569488525,26000.0
2025-06-19 13:36:00,ONE.V,,0.41999998688697815,0.41999998688697815,0.41999998688697815,0.41999998688697815,1500.0
2025-06-19 13:36:00,TOI.V,,164.69000244140625,164.69000244140625,164.69000244140625,164.69000244140625,101.0
2025-06-19 13:38:00,ONE.V,,0.41999998688697815,0.41999998688697815,0.41999998688697815,0.41999998688697815,4500.0
2025-06-19 13:38:00,UCU.V,,1.190000057220459,1.190000057220459,1.184999942779541,1.184999942779541,20200.0
2025-06-19 13:39:00,ZDC.V,,3.619999885559082,3.619999885559082,3.619999885559082,3.619999885559082,100.0
2025-06-19 13:41:00,UCU.V,,1.1799999475479126,1.1799999475479126,1.1799999475479126,1.1799999475479126,2400.0
2025-06-19 13:41:00,ZDC.V,,3.619999885559082,3.619999885559082,3.619999885559082,3.619999885559082,300.0
2025-06-19 13:43:00,TOI.V,,164.61000061035156,164.61000061035156,164.61000061035156,164.61000061035156,101.0
2025-06-19 13:46:00,VUX.V,,0.16500000655651093,0.16500000655651093,0.16500000655651093,0.16500000655651093,900.0
2025-06-19 13:48:00,TOI.V,,164.7100067138672,164.7100067138672,164.00999450683594,164.05999755859375,500.0
2025-06-19 13:48:00,TRBC.V,,0.27000001072883606,0.27000001072883606,0.27000001072883606,0.27000001072883606,500.0
2025-06-19 13:51:00,TOI.V,,164.38999938964844,164.39999389648438,164.38999938964844,164.39999389648438,400.0
2025-06-19 13:51:00,WBE.V,,0.11999999731779099,0.11999999731779099,0.11999999731779099,0.11999999731779099,1500.0
2025-06-19 13:52:00,TBRD.V,,1.4500000476837158,1.4500000476837158,1.4500000476837158,1.4500000476837158,0.0
2025-06-19 13:52:00,WAM.V,,0.7200000286102295,0.7200000286102295,0.7200000286102295,0.7200000286102295,500.0
2025-06-19 13:53:00,TBRD.V,,1.4500000476837158,1.4500000476837158,1.4500000476837158,1.4500000476837158,2800.0
2025-06-19 13:53:00,TOI.V,,164.0800018310547,164.0800018310547,164.0800018310547,164.0800018310547,130.0
2025-06-19 13:54:00,UCU.V,,1.1799999475479126,1.1799999475479126,1.1799999475479126,1.1799999475479126,27600.0
2025-06-19 13:54:00,ZOMD.V,,1.1200000047683716,1.1200000047683716,1.1200000047683716,1.1200000047683716,31379.0
2025-06-19 13:55:00,UCU.V,,1.1799999475479126,1.1799999475479126,1.1799999475479126,1.1799999475479126,11800.0
2025-06-19 13:57:00,TOI.V,,164.38999938964844,164.39999389648438,164.38999938964844,164.39999389648438,300.0
2025-06-19 13:58:00,ONE.V,,0.41999998688697815,0.41999998688697815,0.41999998688697815,0.41999998688697815,26854.0
2025-06-19 13:58:00,TMG.V,,0.13500000536441803,0.13500000536441803,0.13500000536441803,0.13500000536441803,393200.0
2025-06-19 13:58:00,UCU.V,,1.1799999475479126,1.1799999475479126,1.1799999475479126,1.1799999475479126,100.0
2025-06-19 13:59:00,WAM.V,,0.7300000190734863,0.7300000190734863,0.7300000190734863,0.7300000190734863,1000.0
2025-06-19 14:00:00,UCU.V,,1.1699999570846558,1.1699999570846558,1.1699999570846558,1.1699999570846558,0.0
2025-06-19 14:00:00,WEX.V,,0.6399999856948853,0.6399999856948853,0.6399999856948853,0.6399999856948853,0.0
2025-06-19 14:01:00,TINY.V,,0.8899999856948853,0.8899999856948853,0.8899999856948853,0.8899999856948853,0.0
2025-06-19 14:02:00,WRLG.V,,0.8199999928474426,0.8199999928474426,0.8199999928474426,0.8199999928474426,34011.0
2025-06-19 14:04:00,SUI.V,,0.125,0.125,0.125,0.125,7000.0
2025-06-19 14:05:00,TOI.V,,164.74000549316406,164.74000549316406,164.74000549316406,164.74000549316406,100.0
2025-06-19 14:06:00,LOT.V,,0.019999999552965164,0.019999999552965164,0.019999999552965164,0.019999999552965164,273000.0
2025-06-19 14:06:00,TTZ.V,,0.20999999344348907,0.20999999344348907,0.20999999344348907,0.20999999344348907,500.0
2025-06-19 14:06:00,XRTX.V,,1.1200000047683716,1.1200000047683716,1.1200000047683716,1.1200000047683716,202.0
2025-06-19 14:07:00,ZOMD.V,,1.1100000143051147,1.1100000143051147,1.1100000143051147,1.1100000143051147,2000.0
2025-06-19 14:09:00,ZEN.V,,1.7999999523162842,1.8200000524520874,1.7999999523162842,1.8200000524520874,5207.0
2025-06-19 14:10:00,SUI.V,,0.11500000208616257,0.11500000208616257,0.11500000208616257,0.11500000208616257,10000.0
2025-06-19 14:10:00,ZEN.V,,1.7999999523162842,1.7999999523162842,1.7999999523162842,1.7999999523162842,1400.0
2025-06-19 14:11:00,SUI.V,,0.11500000208616257,0.11500000208616257,0.11500000208616257,0.11500000208616257,10000.0
2025-06-19 14:11:00,TMG.V,,0.14000000059604645,0.14000000059604645,0.14000000059604645,0.14000000059604645,121500.0
2025-06-19 14:11:00,VM.V,,0.23499999940395355,0.23499999940395355,0.23499999940395355,0.23499999940395355,0.0
2025-06-19 14:12:00,TUD.V,,0.5199999809265137,0.5199999809265137,0.5199999809265137,0.5199999809265137,0.0
2025-06-19 14:12:00,ZOMD.V,,1.1200000047683716,1.1200000047683716,1.1200000047683716,1.1200000047683716,1800.0
2025-06-19 14:13:00,TMG.V,,0.14000000059604645,0.14000000059604645,0.14000000059604645,0.14000000059604645,49500.0
2025-06-19 14:13:00,TUO.V,,0.8299999833106995,0.8299999833106995,0.8299999833106995,0.8299999833106995,0.0
2025-06-19 14:13:00,ZOMD.V,,1.1200000047683716,1.1200000047683716,1.1200000047683716,1.1200000047683716,38479.0
2025-06-19 14:14:00,SUI.V,,0.11500000208616257,0.11500000208616257,0.11500000208616257,0.11500000208616257,0.0
2025-06-19 14:14:00,WAM.V,,0.7300000190734863,0.7300000190734863,0.7300000190734863,0.7300000190734863,46100.0
2025-06-19 14:15:00,TMG.V,,0.14000000059604645,0.14000000059604645,0.14000000059604645,0.14000000059604645,32500.0
2025-06-19 14:15:00,TOI.V,,164.8300018310547,164.8300018310547,164.8300018310547,164.8300018310547,100.0
2025-06-19 14:16:00,ZDC.V,,3.630000114440918,3.630000114440918,3.630000114440918,3.630000114440918,0.0
2025-06-19 14:16:00,ZYUS.V,,0.7200000286102295,0.7200000286102295,0.7200000286102295,0.7200000286102295,500.0
2025-06-19 14:17:00,AUMB.V,,0.20499999821186066,0.20499999821186066,0.20499999821186066,0.20499999821186066,52000.0
2025-06-19 14:17:00,ZYUS.V,,0.7200000286102295,0.7200000286102295,0.7200000286102295,0.7200000286102295,10000.0
2025-06-19 14:18:00,AUMB.V,,0.20499999821186066,0.20499999821186066,0.20499999821186066,0.20499999821186066,1000.0
2025-06-19 14:18:00,TRBC.V,,0.27000001072883606,0.27000001072883606,0.27000001072883606,0.27000001072883606,27000.0
2025-06-19 14:19:00,AUMB.V,,0.20999999344348907,0.20999999344348907,0.20999999344348907,0.20999999344348907,130000.0
2025-06-19 14:20:00,YNV.V,,0.25,0.25,0.25,0.25,56800.0
2025-06-19 14:21:00,TDG.V,,0.6299999952316284,0.6299999952316284,0.6299999952316284,0.6299999952316284,0.0
2025-06-19 14:22:00,TOI.V,,164.94000244140625,164.94000244140625,164.94000244140625,164.94000244140625,100.0
2025-06-19 14:23:00,UFC.V,,0.8399999737739563,0.8399999737739563,0.8399999737739563,0.8399999737739563,0.0
2025-06-19 14:25:00,TOI.V,,165.0399932861328,165.0500030517578,165.0399932861328,165.0500030517578,300.0
2025-06-19 14:26:00,SURG.V,,0.13500000536441803,0.13500000536441803,0.13500000536441803,0.13500000536441803,0.0
2025-06-19 14:27:00,VO.V,,0.11500000208616257,0.11500000208616257,0.11500000208616257,0.11500000208616257,0.0
2025-06-19 14:28:00,VPT.V,,0.14499999582767487,0.14499999582767487,0.14499999582767487,0.14499999582767487,0.0
2025-06-19 14:29:00,TTI.V,,0.7599999904632568,0.7599999904632568,0.7599999904632568,0.7599999904632568,0.0
2025-06-19 14:31:00,TOI.V,,164.97999572753906,164.97999572753906,164.97999572753906,164.97999572753906,150.0
2025-06-19 14:33:00,WRLG.V,,0.8199999928474426,0.8199999928474426,0.8199999928474426,0.8199999928474426,5000.0
2025-06-19 14:35:00,TOI.V,,165.3699951171875,165.3699951171875,164.99000549316406,164.99000549316406,200.0
2025-06-19 14:38:00,TAJ.V,,0.07000000029802322,0.07000000029802322,0.07000000029802322,0.07000000029802322,0.0
2025-06-19 14:38:00,TMG.V,,0.14000000059604645,0.14000000059604645,0.14000000059604645,0.14000000059604645,0.0
2025-06-19 14:39:00,UFC.V,,0.8399999737739563,0.8399999737739563,0.8399999737739563,0.8399999737739563,5000.0
2025-06-19 14:39:00,VERT.V,,0.05000000074505806,0.05000000074505806,0.05000000074505806,0.05000000074505806,0.0
2025-06-19 14:42:00,AUMB.V,,0.20499999821186066,0.20499999821186066,0.20499999821186066,0.20499999821186066,0.0
2025-06-19 14:42:00,TOI.V,,164.92999267578125,164.92999267578125,164.92999267578125,164.92999267578125,0.0
2025-06-19 14:43:00,UFC.V,,0.8399999737739563,0.8399999737739563,0.8399999737739563,0.8399999737739563,0.0
2025-06-19 14:43:00,WRLG.V,,0.8299999833106995,0.8299999833106995,0.8299999833106995,0.8299999833106995,0.0
2025-06-19 14:45:00,ZEN.V,,1.7999999523162842,1.7999999523162842,1.7999999523162842,1.7999999523162842,1300.0
2025-06-19 14:46:00,WHY.V,,0.4699999988079071,0.4699999988079071,0.4699999988079071,0.4699999988079071,2000.0
2025-06-19 14:47:00,EFF.V,,0.019999999552965164,0.019999999552965164,0.019999999552965164,0.019999999552965164,0.0
2025-06-19 14:48:00,TTZ.V,,0.20999999344348907,0.20999999344348907,0.20999999344348907,0.20999999344348907,2000.0
2025-06-19 14:49:00,TAJ.V,,0.07000000029802322,0.07000000029802322,0.07000000029802322,0.07000000029802322,473744.0
2025-06-19 14:50:00,EFF.V,,0.019999999552965164,0.019999999552965164,0.019999999552965164,0.019999999552965164,50000.0
2025-06-19 14:51:00,NILI.V,,0.27000001072883606,0.27000001072883606,0.27000001072883606,0.27000001072883606,12000.0
2025-06-19 14:51:00,TCO.V,,0.08500000089406967,0.08500000089406967,0.08500000089406967,0.08500000089406967,0.0
2025-06-19 14:51:00,XIM.V,,0.11500000208616257,0.11500000208616257,0.11500000208616257,0.11500000208616257,0.0
2025-06-19 14:52:00,TOI.V,,165.0,165.0,165.0,165.0,9200.0
2025-06-19 14:52:00,VIO.V,,0.14000000059604645,0.14000000059604645,0.14000000059604645,0.14000000059604645,20000.0
2025-06-19 14:54:00,AUMB.V,,0.20499999821186066,0.20499999821186066,0.20499999821186066,0.20499999821186066,1483800.0
2025-06-19 14:55:00,ONE.V,,0.41999998688697815,0.41999998688697815,0.41999998688697815,0.41999998688697815,1000.0
2025-06-19 14:55:00,VCT.V,,0.019999999552965164,0.019999999552965164,0.019999999552965164,0.019999999552965164,105000.0
2025-06-19 14:55:00,ZOMD.V,,1.1200000047683716,1.1200000047683716,1.1200000047683716,1.1200000047683716,1000.0
2025-06-19 14:57:00,WRLG.V,,0.8299999833106995,0.8299999833106995,0.8299999833106995,0.8299999833106995,312505.0
2025-06-19 14:58:00,TGH.V,,1.6299999952316284,1.6299999952316284,1.6299999952316284,1.6299999952316284,111015.0
2025-06-19 14:58:00,XIM.V,,0.11999999731779099,0.11999999731779099,0.11999999731779099,0.11999999731779099,14000.0
2025-06-19 14:59:00,VO.V,,0.11500000208616257,0.11749999970197678,0.11500000208616257,0.11749999970197678,9100.0
2025-06-19 15:00:00,VO.V,,0.11500000208616257,0.11500000208616257,0.11500000208616257,0.11500000208616257,7500.0
2025-06-19 15:00:00,VXL.V,,0.25,0.25,0.25,0.25,1500.0
2025-06-19 15:00:00,WAM.V,,0.7250000238418579,0.7250000238418579,0.7250000238418579,0.7250000238418579,500.0
2025-06-19 15:01:00,WHY.V,,0.4749999940395355,0.4749999940395355,0.4749999940395355,0.4749999940395355,1000.0
2025-06-19 15:02:00,AUMB.V,,0.20499999821186066,0.20499999821186066,0.20499999821186066,0.20499999821186066,4500.0
2025-06-19 15:02:00,TOI.V,,165.22000122070312,165.22000122070312,165.22000122070312,165.22000122070312,110.0
2025-06-19 15:02:00,WEX.V,,0.6399999856948853,0.6399999856948853,0.6399999856948853,0.6399999856948853,20653.0
2025-06-19 15:02:00,XIM.V,,0.11999999731779099,0.11999999731779099,0.11999999731779099,0.11999999731779099,11000.0
2025-06-19 15:03:00,ZCC-H.V,,0.10999999940395355,0.10999999940395355,0.10999999940395355,0.10999999940395355,0.0
2025-06-19 15:04:00,ZOMD.V,,1.1200000047683716,1.1200000047683716,1.1200000047683716,1.1200000047683716,3500.0
2025-06-19 15:05:00,UCU.V,,1.1699999570846558,1.1699999570846558,1.1699999570846558,1.1699999570846558,245797.0
2025-06-19 15:05:00,WHY.V,,0.4749999940395355,0.4749999940395355,0.4749999940395355,0.4749999940395355,12000.0
2025-06-19 15:06:00,ZOMD.V,,1.1299999952316284,1.1299999952316284,1.1299999952316284,1.1299999952316284,1400.0
2025-06-19 15:08:00,AUMB.V,,0.20499999821186066,0.20499999821186066,0.20499999821186066,0.20499999821186066,120000.0
2025-06-19 15:08:00,TAO.V,,0.16500000655651093,0.16500000655651093,0.16500000655651093,0.16500000655651093,1724.0
2025-06-19 15:08:00,TELO.V,,0.07500000298023224,0.07500000298023224,0.07500000298023224,0.07500000298023224,0.0
2025-06-19 15:08:00,VM.V,,0.23000000417232513,0.23000000417232513,0.23000000417232513,0.23000000417232513,54657.0
2025-06-19 15:09:00,UCU.V,,1.159999966621399,1.159999966621399,1.159999966621399,1.159999966621399,1500.0
2025-06-19 15:09:00,UFC.V,,0.8600000143051147,0.8600000143051147,0.8600000143051147,0.8600000143051147,7000.0
2025-06-19 15:10:00,VLT.V,,0.2800000011920929,0.2849999964237213,0.2800000011920929,0.2849999964237213,321007.0
2025-06-19 15:11:00,SUI.V,,0.11500000208616257,0.11500000208616257,0.11500000208616257,0.11500000208616257,57500.0
2025-06-19 15:11:00,TOI.V,,165.10000610351562,165.10000610351562,165.10000610351562,165.10000610351562,107.0
2025-06-19 15:12:00,AUMB.V,,0.20499999821186066,0.20499999821186066,0.20499999821186066,0.20499999821186066,175000.0
2025-06-19 15:12:00,UCU.V,,1.1699999570846558,1.1699999570846558,1.1699999570846558,1.1699999570846558,4000.0
2025-06-19 15:13:00,AUMB.V,,0.20749999582767487,0.20749999582767487,0.20499999821186066,0.20499999821186066,20500.0
2025-06-19 15:13:00,ONE.V,,0.42500001192092896,0.42500001192092896,0.41999998688697815,0.41999998688697815,2500.0
2025-06-19 15:14:00,AUMB.V,,0.20999999344348907,0.20999999344348907,0.20999999344348907,0.20999999344348907,90000.0
2025-06-19 15:14:00,UCU.V,,1.1699999570846558,1.1699999570846558,1.1649999618530273,1.1699999570846558,5900.0
2025-06-19 15:14:00,WEB.V,,0.6000000238418579,0.6000000238418579,0.6000000238418579,0.6000000238418579,275519.0
2025-06-19 15:15:00,AUMB.V,,0.2150000035762787,0.2150000035762787,0.20999999344348907,0.20999999344348907,65000.0
2025-06-19 15:15:00,UCU.V,,1.159999966621399,1.159999966621399,1.159999966621399,1.159999966621399,58660.0
2025-06-19 15:15:00,WEB.V,,0.6000000238418579,0.6000000238418579,0.6000000238418579,0.6000000238418579,8833.0
2025-06-19 15:17:00,WEX.V,,0.6299999952316284,0.6299999952316284,0.6299999952316284,0.6299999952316284,6000.0
2025-06-19 15:18:00,TOI.V,,165.0399932861328,165.0399932861328,164.8800048828125,165.02999877929688,700.0
2025-06-19 15:18:00,VRR.V,,0.029999999329447746,0.029999999329447746,0.029999999329447746,0.029999999329447746,700000.0
2025-06-19 15:19:00,ONE.V,,0.42500001192092896,0.42500001192092896,0.42500001192092896,0.42500001192092896,500.0
2025-06-19 15:19:00,TG.V,,0.2849999964237213,0.2849999964237213,0.2849999964237213,0.2849999964237213,0.0
2025-06-19 15:19:00,TOI.V,,165.0500030517578,165.0500030517578,165.0399932861328,165.0399932861328,700.0
2025-06-19 15:19:00,UCU.V,,1.159999966621399,1.159999966621399,1.159999966621399,1.159999966621399,2800.0
2025-06-19 15:20:00,AUMB.V,,0.2199999988079071,0.2199999988079071,0.2199999988079071,0.2199999988079071,54500.0
2025-06-19 15:20:00,TOI.V,,165.10000610351562,165.10000610351562,165.10000610351562,165.10000610351562,300.0
2025-06-19 15:20:00,WVM.V,,1.3899999856948853,1.3899999856948853,1.3899999856948853,1.3899999856948853,2000.0
2025-06-19 15:21:00,AUMB.V,,0.2199999988079071,0.2199999988079071,0.2199999988079071,0.2199999988079071,209500.0
2025-06-19 15:21:00,ZDC.V,,3.630000114440918,3.630000114440918,3.630000114440918,3.630000114440918,35600.0
2025-06-19 15:22:00,AUMB.V,,0.2199999988079071,0.22499999403953552,0.2199999988079071,0.22499999403953552,184500.0
2025-06-19 15:22:00,TINY.V,,0.8899999856948853,0.8899999856948853,0.8899999856948853,0.8899999856948853,18100.0
2025-06-19 15:22:00,TTI.V,,0.7599999904632568,0.7599999904632568,0.7599999904632568,0.7599999904632568,4000.0
2025-06-19 15:23:00,AUMB.V,,0.23499999940395355,0.23499999940395355,0.22499999403953552,0.22499999403953552,89000.0
2025-06-19 15:23:00,TLT.V,,0.1899999976158142,0.1899999976158142,0.1899999976158142,0.1899999976158142,16881.0
2025-06-19 15:23:00,ZOMD.V,,1.1299999952316284,1.1299999952316284,1.1299999952316284,1.1299999952316284,27600.0
2025-06-19 15:24:00,AUMB.V,,0.23499999940395355,0.23499999940395355,0.23000000417232513,0.23000000417232513,231928.0
2025-06-19 15:24:00,TRU.V,,0.02500000037252903,0.02500000037252903,0.02500000037252903,0.02500000037252903,129000.0
2025-06-19 15:25:00,AUMB.V,,0.23499999940395355,0.23499999940395355,0.23499999940395355,0.23499999940395355,1000.0
2025-06-19 15:26:00,TOI.V,,165.02999877929688,165.02999877929688,165.02999877929688,165.02999877929688,150.0
2025-06-19 15:27:00,AUMB.V,,0.23499999940395355,0.23499999940395355,0.23499999940395355,0.23499999940395355,9000.0
2025-06-19 15:27:00,VLT.V,,0.2800000011920929,0.2800000011920929,0.2800000011920929,0.2800000011920929,7500.0
2025-06-19 15:28:00,AUMB.V,,0.23000000417232513,0.23000000417232513,0.23000000417232513,0.23000000417232513,1000.0
2025-06-19 15:29:00,AUMB.V,,0.22499999403953552,0.22750000655651093,0.22499999403953552,0.22750000655651093,12500.0
2025-06-19 15:29:00,THX.V,,0.7799999713897705,0.7799999713897705,0.7799999713897705,0.7799999713897705,53354.0
2025-06-19 15:29:00,ZEN.V,,1.7999999523162842,1.7999999523162842,1.7999999523162842,1.7999999523162842,3300.0
2025-06-19 15:30:00,ZEN.V,,1.7999999523162842,1.7999999523162842,1.7999999523162842,1.7999999523162842,1005.0
2025-06-19 15:31:00,AUMB.V,,0.22499999403953552,0.22499999403953552,0.22499999403953552,0.22499999403953552,500.0
2025-06-19 15:31:00,TM.V,,0.2750000059604645,0.2750000059604645,0.2750000059604645,0.2750000059604645,12700.0
2025-06-19 15:31:00,TOI.V,,164.9499969482422,164.9499969482422,164.9499969482422,164.9499969482422,100.0
2025-06-19 15:33:00,THX.V,,0.7799999713897705,0.7799999713897705,0.7799999713897705,0.7799999713897705,1000.0
2025-06-19 15:33:00,VCT.V,,0.019999999552965164,0.019999999552965164,0.019999999552965164,0.019999999552965164,100000.0
2025-06-19 15:33:00,VM.V,,0.23499999940395355,0.23499999940395355,0.23499999940395355,0.23499999940395355,1000.0
2025-06-19 15:34:00,TOI.V,,164.9499969482422,164.9499969482422,164.9499969482422,164.9499969482422,150.0
2025-06-19 15:35:00,ONE.V,,0.41999998688697815,0.41999998688697815,0.41999998688697815,0.41999998688697815,1000.0
2025-06-19 15:35:00,TOI.V,,164.9499969482422,164.9499969482422,164.9499969482422,164.9499969482422,300.0
2025-06-19 15:35:00,VLT.V,,0.2800000011920929,0.2800000011920929,0.2800000011920929,0.2800000011920929,12500.0
2025-06-19 15:35:00,VPT.V,,0.15000000596046448,0.15000000596046448,0.15000000596046448,0.15000000596046448,58970.0
2025-06-19 15:36:00,AUMB.V,,0.22499999403953552,0.22499999403953552,0.22499999403953552,0.22499999403953552,1000.0
2025-06-19 15:36:00,ONE.V,,0.41499999165534973,0.41499999165534973,0.41499999165534973,0.41499999165534973,2000.0
2025-06-19 15:37:00,TAO.V,,0.1599999964237213,0.1599999964237213,0.1599999964237213,0.1599999964237213,2000.0
2025-06-19 15:41:00,TAO.V,,0.1599999964237213,0.1599999964237213,0.1599999964237213,0.1599999964237213,1000.0
2025-06-19 15:41:00,UCU.V,,1.159999966621399,1.159999966621399,1.159999966621399,1.159999966621399,2000.0
2025-06-19 15:42:00,SUI.V,,0.11500000208616257,0.11500000208616257,0.11500000208616257,0.11500000208616257,12000.0
2025-06-19 15:42:00,TOI.V,,164.8800048828125,164.8800048828125,164.8800048828125,164.8800048828125,100.0
2025-06-19 15:42:00,VM.V,,0.23499999940395355,0.23499999940395355,0.23499999940395355,0.23499999940395355,2000.0
2025-06-19 15:42:00,ZDC.V,,3.6700000762939453,3.6700000762939453,3.6500000953674316,3.6500000953674316,11759.0
2025-06-19 15:43:00,SUI.V,,0.11500000208616257,0.11500000208616257,0.11500000208616257,0.11500000208616257,5000.0
2025-06-19 15:43:00,THX.V,,0.7799999713897705,0.7799999713897705,0.7799999713897705,0.7799999713897705,500.0
2025-06-19 15:44:00,AUMB.V,,0.2199999988079071,0.2199999988079071,0.2199999988079071,0.2199999988079071,2500.0
2025-06-19 15:46:00,TVI.V,,0.014999999664723873,0.014999999664723873,0.014999999664723873,0.014999999664723873,252000.0
2025-06-19 15:46:00,VLC.V,,0.18000000715255737,0.18000000715255737,0.18000000715255737,0.18000000715255737,80000.0
2025-06-19 15:46:00,WEB.V,,0.6000000238418579,0.6000000238418579,0.6000000238418579,0.6000000238418579,500.0
2025-06-19 15:47:00,NILI.V,,0.2750000059604645,0.2750000059604645,0.2750000059604645,0.2750000059604645,3500.0
2025-06-19 15:47:00,TDG.V,,0.6299999952316284,0.6299999952316284,0.6299999952316284,0.6299999952316284,70150.0
2025-06-19 15:47:00,UCU.V,,1.1549999713897705,1.1549999713897705,1.1549999713897705,1.1549999713897705,100.0
2025-06-19 15:47:00,ZEN.V,,1.7799999713897705,1.7799999713897705,1.7799999713897705,1.7799999713897705,616.0
2025-06-19 15:48:00,AUMB.V,,0.2199999988079071,0.2199999988079071,0.2199999988079071,0.2199999988079071,20000.0
2025-06-19 15:48:00,WEB.V,,0.6100000143051147,0.6100000143051147,0.6100000143051147,0.6100000143051147,500.0
2025-06-19 15:48:00,ZEN.V,,1.7799999713897705,1.7799999713897705,1.7799999713897705,1.7799999713897705,1598.0
2025-06-19 15:49:00,TOI.V,,164.9600067138672,164.9600067138672,164.9499969482422,164.9499969482422,300.0
2025-06-19 15:49:00,UCU.V,,1.1549999713897705,1.1549999713897705,1.1549999713897705,1.1549999713897705,100.0
2025-06-19 15:50:00,NILI.V,,0.2750000059604645,0.2750000059604645,0.2750000059604645,0.2750000059604645,24000.0
2025-06-19 15:50:00,TOI.V,,164.91000366210938,164.91000366210938,164.91000366210938,164.91000366210938,100.0
2025-06-19 15:50:00,VCU.V,,0.09000000357627869,0.09000000357627869,0.09000000357627869,0.09000000357627869,55000.0
2025-06-19 15:50:00,VML.V,,0.6100000143051147,0.6100000143051147,0.6100000143051147,0.6100000143051147,88000.0
2025-06-19 15:50:00,VPI.V,,0.029999999329447746,0.029999999329447746,0.029999999329447746,0.029999999329447746,0.0
2025-06-19 15:51:00,THRM.V,,0.009999999776482582,0.009999999776482582,0.009999999776482582,0.009999999776482582,9000.0
2025-06-19 15:51:00,TOI.V,,165.02000427246094,165.02000427246094,164.99000549316406,164.99000549316406,400.0
2025-06-19 15:51:00,TUO.V,,0.800000011920929,0.8199999928474426,0.800000011920929,0.8199999928474426,21820.0
2025-06-19 15:52:00,TOI.V,,165.0,165.0,165.0,165.0,100.0
2025-06-19 15:52:00,UCU.V,,1.159999966621399,1.159999966621399,1.1549999713897705,1.1549999713897705,1000.0
2025-06-19 15:53:00,TGH.V,,1.6299999952316284,1.6299999952316284,1.6299999952316284,1.6299999952316284,1510.0
2025-06-19 15:53:00,UCU.V,,1.149999976158142,1.149999976158142,1.149999976158142,1.149999976158142,25500.0
2025-06-19 15:53:00,VUL.V,,0.11999999731779099,0.11999999731779099,0.11999999731779099,0.11999999731779099,3700.0
2025-06-19 15:53:00,ZDC.V,,3.680000066757202,3.680000066757202,3.680000066757202,3.680000066757202,200.0
2025-06-19 15:54:00,TINY.V,,0.8899999856948853,0.8899999856948853,0.8799999952316284,0.8799999952316284,4300.0
2025-06-19 15:54:00,UCU.V,,1.149999976158142,1.149999976158142,1.149999976158142,1.149999976158142,17270.0
2025-06-19 15:54:00,ZDC.V,,3.680000066757202,3.680000066757202,3.680000066757202,3.680000066757202,100.0
2025-06-19 15:55:00,TGH.V,,1.6299999952316284,1.6299999952316284,1.6299999952316284,1.6299999952316284,2500.0
2025-06-19 15:55:00,TOI.V,,165.0,165.0,165.0,165.0,100.0
2025-06-19 15:55:00,ZDC.V,,3.680000066757202,3.680000066757202,3.680000066757202,3.680000066757202,100.0
2025-06-19 15:56:00,SUI.V,,0.11500000208616257,0.11999999731779099,0.11500000208616257,0.11999999731779099,26000.0
2025-06-19 15:56:00,TGH.V,,1.6299999952316284,1.6299999952316284,1.6299999952316284,1.6299999952316284,2000.0
2025-06-19 15:56:00,TUK.V,,0.07500000298023224,0.07500000298023224,0.07500000298023224,0.07500000298023224,36000.0
2025-06-19 15:56:00,UCU.V,,1.1549999713897705,1.159999966621399,1.1549999713897705,1.159999966621399,2300.0
2025-06-19 15:56:00,ZDC.V,,3.680000066757202,3.680000066757202,3.680000066757202,3.680000066757202,100.0
2025-06-19 15:57:00,ONE.V,,0.42500001192092896,0.42500001192092896,0.42500001192092896,0.42500001192092896,500.0
2025-06-19 15:57:00,SUI.V,,0.11500000208616257,0.11500000208616257,0.11500000208616257,0.11500000208616257,30000.0
2025-06-19 15:57:00,TUD.V,,0.5199999809265137,0.5199999809265137,0.5199999809265137,0.5199999809265137,102000.0
2025-06-19 15:57:00,VLT.V,,0.2750000059604645,0.2750000059604645,0.2750000059604645,0.2750000059604645,6500.0
2025-06-19 15:57:00,XIM.V,,0.11999999731779099,0.11999999731779099,0.11999999731779099,0.11999999731779099,5000.0
2025-06-19 15:58:00,TGH.V,,1.6299999952316284,1.6299999952316284,1.6200000047683716,1.6200000047683716,16700.0
2025-06-19 15:58:00,TIN.V,,0.15000000596046448,0.15000000596046448,0.15000000596046448,0.15000000596046448,39019.0
2025-06-19 15:58:00,UCU.V,,1.1649999618530273,1.1649999618530273,1.1649999618530273,1.1649999618530273,120.0
2025-06-19 15:58:00,ZDC.V,,3.700000047683716,3.700000047683716,3.690000057220459,3.690000057220459,2600.0
2025-06-19 15:59:00,AUMB.V,,0.2199999988079071,0.2199999988079071,0.2199999988079071,0.2199999988079071,11000.0
2025-06-19 15:59:00,ONE.V,,0.41999998688697815,0.41999998688697815,0.41999998688697815,0.41999998688697815,500.0
2025-06-19 15:59:00,TGH.V,,1.6299999952316284,1.6299999952316284,1.6299999952316284,1.6299999952316284,100.0
2025-06-19 15:59:00,THX.V,,0.7699999809265137,0.7699999809265137,0.7699999809265137,0.7699999809265137,1000.0
2025-06-19 15:59:00,TIN.V,,0.15000000596046448,0.15000000596046448,0.15000000596046448,0.15000000596046448,500.0
2025-06-19 15:59:00,TMG.V,,0.14000000059604645,0.14000000059604645,0.14000000059604645,0.14000000059604645,598200.0
2025-06-19 15:59:00,TOI.V,,165.02999877929688,165.02999877929688,165.02000427246094,165.02000427246094,737.0
2025-06-19 15:59:00,VCU.V,,0.09000000357627869,0.09000000357627869,0.09000000357627869,0.09000000357627869,34000.0
2025-06-19 15:59:00,VLT.V,,0.2750000059604645,0.2750000059604645,0.2750000059604645,0.2750000059604645,1000.0
2025-06-19 15:59:00,WEX.V,,0.6299999952316284,0.6299999952316284,0.6299999952316284,0.6299999952316284,1500.0
2025-06-19 15:59:00,WHY.V,,0.49000000953674316,0.49000000953674316,0.49000000953674316,0.49000000953674316,500.0
2025-06-19 15:59:00,WRLG.V,,0.8299999833106995,0.8299999833106995,0.8299999833106995,0.8299999833106995,13500.0
2025-06-19 15:59:00,ZDC.V,,3.690000057220459,3.690000057220459,3.690000057220459,3.690000057220459,400.0
